{"mu": -2.995431339376257, "sigma": 1.8201165827820722}