{"mu": 1.1742557319288198, "sigma": 0.5314715991416761}