{"mu": 1.1196374022298228, "sigma": 0.46819556507719473}


