{"mu": 0.08776824404000357, "std": 0.22634991997592022}